date,AQI
1393/01/01,62
1393/01/02,50
1393/01/03,51
1393/01/04,61
1393/01/05,59
1393/01/06,67
1393/01/07,69
1393/01/08,47
1393/01/09,42
1393/01/10,76
1393/01/11,40
1393/01/12,44
1393/01/13,51
1393/01/14,61
1393/01/15,55
1393/01/16,63
1393/01/17,56
1393/01/18,70
1393/01/19,83
1393/01/20,90
1393/01/21,79
1393/01/22,63
1393/01/23,56
1393/01/24,63
1393/01/25,62
1393/01/26,55
1393/01/27,45
1393/01/28,48
1393/01/29,62
1393/01/30,67
1393/01/31,75
1393/02/01,81
1393/02/02,71
1393/02/03,66
1393/02/04,73
1393/02/05,60
1393/02/06,65
1393/02/07,63
1393/02/08,78
1393/02/09,82
1393/02/10,66
1393/02/11,60
1393/02/12,73
1393/02/13,65
1393/02/14,58
1393/02/15,71
1393/02/16,65
1393/02/17,74
1393/02/18,74
1393/02/19,72
1393/02/20,69
1393/02/21,93
1393/02/22,78
1393/02/23,71
1393/02/24,66
1393/02/25,65
1393/02/26,67
1393/02/27,78
1393/02/28,69
1393/02/29,66
1393/02/30,55
1393/02/31,68
1393/03/01,82
1393/03/02,71
1393/03/03,65
1393/03/04,69
1393/03/05,74
1393/03/06,65
1393/03/07,65
1393/03/08,57
1393/03/09,70
1393/03/10,88
1393/03/11,75
1393/03/12,80
1393/03/13,100
1393/03/14,106
1393/03/15,95
1393/03/16,81
1393/03/17,97
1393/03/18,125
1393/03/19,122
1393/03/20,110
1393/03/21,102
1393/03/22,115
1393/03/23,109
1393/03/24,89
1393/03/25,93
1393/03/26,82
1393/03/27,80
1393/03/28,89
1393/03/29,89
1393/03/30,82
1393/03/31,84
1393/04/01,84
1393/04/02,76
1393/04/03,110
1393/04/04,127
1393/04/05,92
1393/04/06,102
1393/04/07,105
1393/04/08,97
1393/04/09,102
1393/04/10,190
1393/04/11,117
1393/04/12,117
1393/04/13,69
1393/04/14,70
1393/04/15,73
1393/04/16,76
1393/04/17,75
1393/04/18,89
1393/04/19,107
1393/04/20,105
1393/04/21,100
1393/04/22,99
1393/04/23,80
1393/04/24,77
1393/04/25,90
1393/04/26,92
1393/04/27,96
1393/04/28,87
1393/04/29,83
1393/04/30,115
1393/04/31,102
1393/05/01,128
1393/05/02,129
1393/05/03,120
1393/05/04,102
1393/05/05,83
1393/05/06,99
1393/05/07,151
1393/05/08,133
1393/05/09,101
1393/05/10,93
1393/05/11,88
1393/05/12,87
1393/05/13,83
1393/05/14,125
1393/05/15,106
1393/05/16,115
1393/05/17,129
1393/05/18,99
1393/05/19,95
1393/05/20,81
1393/05/21,102
1393/05/22,114
1393/05/23,127
1393/05/24,133
1393/05/25,103
1393/05/26,74
1393/05/27,93
1393/05/28,90
1393/05/29,96
1393/05/30,77
1393/05/31,77
1393/06/01,79
1393/06/02,85
1393/06/03,72
1393/06/04,83
1393/06/05,94
1393/06/06,90
1393/06/07,94
1393/06/08,85
1393/06/09,92
1393/06/10,96
1393/06/11,91
1393/06/12,90
1393/06/13,86
1393/06/14,83
1393/06/15,96
1393/06/16,99
1393/06/17,97
1393/06/18,97
1393/06/19,96
1393/06/20,102
1393/06/21,93
1393/06/22,77
1393/06/23,84
1393/06/24,79
1393/06/25,81
1393/06/26,98
1393/06/27,101
1393/06/28,105
1393/06/29,118
1393/06/30,133
1393/06/31,106
1393/07/01,105
1393/07/02,92
1393/07/03,94
1393/07/04,106
1393/07/05,96
1393/07/06,120
1393/07/07,111
1393/07/08,101
1393/07/09,111
1393/07/10,125
1393/07/11,146
1393/07/12,146
1393/07/13,100
1393/07/14,85
1393/07/15,91
1393/07/16,142
1393/07/17,114
1393/07/18,67
1393/07/19,82
1393/07/20,83
1393/07/21,76
1393/07/22,93
1393/07/23,99
1393/07/24,99
1393/07/25,65
1393/07/26,45
1393/07/27,46
1393/07/28,80
1393/07/29,95
1393/07/30,60
1393/08/01,106
1393/08/02,133
1393/08/03,82
1393/08/04,82
1393/08/05,88
1393/08/06,77
1393/08/07,71
1393/08/08,68
1393/08/09,76
1393/08/10,60
1393/08/11,72
1393/08/12,50
1393/08/13,41
1393/08/14,45
1393/08/15,57
1393/08/16,89
1393/08/17,80
1393/08/18,103
1393/08/19,116
1393/08/20,84
1393/08/21,97
1393/08/22,111
1393/08/23,124
1393/08/24,109
1393/08/25,142
1393/08/26,138
1393/08/27,117
1393/08/28,106
1393/08/29,107
1393/08/30,103
1393/09/01,89
1393/09/02,84
1393/09/03,69
1393/09/04,77
1393/09/05,55
1393/09/06,105
1393/09/07,69
1393/09/08,50
1393/09/09,73
1393/09/10,83
1393/09/11,98
1393/09/12,63
1393/09/13,70
1393/09/14,83
1393/09/15,94
1393/09/16,118
1393/09/17,84
1393/09/18,95
1393/09/19,128
1393/09/20,144
1393/09/21,100
1393/09/22,97
1393/09/23,124
1393/09/24,126
1393/09/25,105
1393/09/26,117
1393/09/27,104
1393/09/28,112
1393/09/29,134
1393/09/30,99
1393/10/01,97
1393/10/02,115
1393/10/03,93
1393/10/04,68
1393/10/05,102
1393/10/06,110
1393/10/07,152
1393/10/08,146
1393/10/09,122
1393/10/10,119
1393/10/11,132
1393/10/12,120
1393/10/13,101
1393/10/14,71
1393/10/15,68
1393/10/16,80
1393/10/17,113
1393/10/18,104
1393/10/19,95
1393/10/20,70
1393/10/21,87
1393/10/22,80
1393/10/23,110
1393/10/24,144
1393/10/25,145
1393/10/26,102
1393/10/27,99
1393/10/28,90
1393/10/29,72
1393/10/30,92
1393/11/01,135
1393/11/02,133
1393/11/03,116
1393/11/04,81
1393/11/05,87
1393/11/06,106
1393/11/07,112
1393/11/08,137
1393/11/09,124
1393/11/10,112
1393/11/11,68
1393/11/12,59
1393/11/13,89
1393/11/14,124
1393/11/15,129
1393/11/16,130
1393/11/17,61
1393/11/18,71
1393/11/19,97
1393/11/20,71
1393/11/21,128
1393/11/22,80
1393/11/23,65
1393/11/24,95
1393/11/25,106
1393/11/26,123
1393/11/27,98
1393/11/28,88
1393/11/29,115
1393/11/30,59
1393/12/01,72
1393/12/02,45
1393/12/03,70
1393/12/04,80
1393/12/05,86
1393/12/06,90
1393/12/07,90
1393/12/08,84
1393/12/09,97
1393/12/10,116
1393/12/11,99
1393/12/12,71
1393/12/13,53
1393/12/14,50
1393/12/15,48
1393/12/16,90
1393/12/17,118
1393/12/18,111
1393/12/19,157
1393/12/20,71
1393/12/21,126
1393/12/22,132
1393/12/23,106
1393/12/24,109
1393/12/25,59
1393/12/26,66
1393/12/27,103
1393/12/28,79
1393/12/29,65
1394/01/01,61
1394/01/02,51
1394/01/03,30
1394/01/04,30
1394/01/05,53
1394/01/06,33
1394/01/07,43
1394/01/08,61
1394/01/09,71
1394/01/10,55
1394/01/11,51
1394/01/12,30
1394/01/13,45
1394/01/14,48
1394/01/15,57
1394/01/16,41
1394/01/17,51
1394/01/18,61
1394/01/19,50
1394/01/20,59
1394/01/21,69
1394/01/22,70
1394/01/23,58
1394/01/24,84
1394/01/25,58
1394/01/26,43
1394/01/27,51
1394/01/28,109
1394/01/29,120
1394/01/30,101
1394/01/31,62
1394/02/01,69
1394/02/02,100
1394/02/03,131
1394/02/04,105
1394/02/05,109
1394/02/06,56
1394/02/07,63
1394/02/08,67
1394/02/09,85
1394/02/10,92
1394/02/11,120
1394/02/12,110
1394/02/13,91
1394/02/14,60
1394/02/15,51
1394/02/16,80
1394/02/17,76
1394/02/18,55
1394/02/19,60
1394/02/20,76
1394/02/21,67
1394/02/22,68
1394/02/23,82
1394/02/24,96
1394/02/25,114
1394/02/26,87
1394/02/27,58
1394/02/28,77
1394/02/29,65
1394/02/30,70
1394/02/31,104
1394/03/01,84
1394/03/02,70
1394/03/03,72
1394/03/04,83
1394/03/05,75
1394/03/06,74
1394/03/07,84
1394/03/08,98
1394/03/09,144
1394/03/10,90
1394/03/11,91
1394/03/12,100
1394/03/13,106
1394/03/14,91
1394/03/15,78
1394/03/16,78
1394/03/17,84
1394/03/18,162
1394/03/19,132
1394/03/20,120
1394/03/21,105
1394/03/22,95
1394/03/23,95
1394/03/24,140
1394/03/25,133
1394/03/26,146
1394/03/27,131
1394/03/28,102
1394/03/29,91
1394/03/30,78
1394/03/31,82
1394/04/01,107
1394/04/02,125
1394/04/03,112
1394/04/04,103
1394/04/05,85
1394/04/06,107
1394/04/07,127
1394/04/08,121
1394/04/09,124
1394/04/10,117
1394/04/11,107
1394/04/12,86
1394/04/13,83
1394/04/14,130
1394/04/15,103
1394/04/16,96
1394/04/17,88
1394/04/18,91
1394/04/19,77
1394/04/20,77
1394/04/21,77
1394/04/22,85
1394/04/23,85
1394/04/24,83
1394/04/25,85
1394/04/26,103
1394/04/27,114
1394/04/28,127
1394/04/29,111
1394/04/30,92
1394/04/31,80
1394/05/01,73
1394/05/02,79
1394/05/03,73
1394/05/04,71
1394/05/05,77
1394/05/06,71
1394/05/07,82
1394/05/08,76
1394/05/09,73
1394/05/10,75
1394/05/11,83
1394/05/12,75
1394/05/13,67
1394/05/14,77
1394/05/15,73
1394/05/16,73
1394/05/17,68
1394/05/18,91
1394/05/19,154
1394/05/20,80
1394/05/21,79
1394/05/22,84
1394/05/23,78
1394/05/24,72
1394/05/25,87
1394/05/26,72
1394/05/27,68
1394/05/28,81
1394/05/29,86
1394/05/30,79
1394/05/31,98
1394/06/01,114
1394/06/02,99
1394/06/03,99
1394/06/04,111
1394/06/05,93
1394/06/06,86
1394/06/07,80
1394/06/08,80
1394/06/09,79
1394/06/10,252
1394/06/11,93
1394/06/12,84
1394/06/13,85
1394/06/14,77
1394/06/15,83
1394/06/16,70
1394/06/17,95
1394/06/18,89
1394/06/19,83
1394/06/20,83
1394/06/21,84
1394/06/22,76
1394/06/23,65
1394/06/24,79
1394/06/25,84
1394/06/26,75
1394/06/27,74
1394/06/28,58
1394/06/29,65
1394/06/30,93
1394/06/31,99
1394/07/01,101
1394/07/02,90
1394/07/03,68
1394/07/04,66
1394/07/05,71
1394/07/06,66
1394/07/07,73
1394/07/08,70
1394/07/09,91
1394/07/10,84
1394/07/11,81
1394/07/12,95
1394/07/13,91
1394/07/14,85
1394/07/15,97
1394/07/16,107
1394/07/17,111
1394/07/18,72
1394/07/19,71
1394/07/20,78
1394/07/21,84
1394/07/22,94
1394/07/23,85
1394/07/24,66
1394/07/25,87
1394/07/26,59
1394/07/27,95
1394/07/28,114
1394/07/29,84
1394/07/30,81
1394/08/01,80
1394/08/02,78
1394/08/03,75
1394/08/04,116
1394/08/05,109
1394/08/06,75
1394/08/07,80
1394/08/08,74
1394/08/09,76
1394/08/10,61
1394/08/11,54
1394/08/12,52
1394/08/13,95
1394/08/14,125
1394/08/15,132
1394/08/16,146
1394/08/17,118
1394/08/18,109
1394/08/19,56
1394/08/20,49
1394/08/21,34
1394/08/22,59
1394/08/23,77
1394/08/24,64
1394/08/25,88
1394/08/26,111
1394/08/27,126
1394/08/28,77
1394/08/29,55
1394/08/30,62
1394/09/01,98
1394/09/02,130
1394/09/03,130
1394/09/04,124
1394/09/05,125
1394/09/06,134
1394/09/07,107
1394/09/08,126
1394/09/09,105
1394/09/10,82
1394/09/11,67
1394/09/12,41
1394/09/13,77
1394/09/14,42
1394/09/15,79
1394/09/16,73
1394/09/17,81
1394/09/18,138
1394/09/19,125
1394/09/20,98
1394/09/21,103
1394/09/22,143
1394/09/23,162
1394/09/24,143
1394/09/25,110
1394/09/26,125
1394/09/27,148
1394/09/28,142
1394/09/29,141
1394/09/30,134
1394/10/01,124
1394/10/02,139
1394/10/03,144
1394/10/04,132
1394/10/05,132
1394/10/06,137
1394/10/07,133
1394/10/08,157
1394/10/09,160
1394/10/10,113
1394/10/11,96
1394/10/12,58
1394/10/13,44
1394/10/14,43
1394/10/15,87
1394/10/16,71
1394/10/17,68
1394/10/18,107
1394/10/19,100
1394/10/20,53
1394/10/21,70
1394/10/22,110
1394/10/23,149
1394/10/24,127
1394/10/25,130
1394/10/26,119
1394/10/27,102
1394/10/28,118
1394/10/29,108
1394/10/30,114
1394/11/01,106
1394/11/02,95
1394/11/03,86
1394/11/04,45
1394/11/05,70
1394/11/06,40
1394/11/07,48
1394/11/08,56
1394/11/09,56
1394/11/10,83
1394/11/11,118
1394/11/12,97
1394/11/13,101
1394/11/14,106
1394/11/15,69
1394/11/16,105
1394/11/17,131
1394/11/18,144
1394/11/19,67
1394/11/20,59
1394/11/21,68
1394/11/22,76
1394/11/23,91
1394/11/24,120
1394/11/25,135
1394/11/26,127
1394/11/27,119
1394/11/28,79
1394/11/29,77
1394/11/30,99
1394/12/01,74
1394/12/02,89
1394/12/03,131
1394/12/04,111
1394/12/05,88
1394/12/06,54
1394/12/07,81
1394/12/08,101
1394/12/09,82
1394/12/10,79
1394/12/11,66
1394/12/12,83
1394/12/13,94
1394/12/14,100
1394/12/15,91
1394/12/16,118
1394/12/17,92
1394/12/18,58
1394/12/19,68
1394/12/20,83
1394/12/21,82
1394/12/22,63
1394/12/23,81
1394/12/24,68
1394/12/25,63
1394/12/26,148
1394/12/27,102
1394/12/28,40
1394/12/29,42
1395/01/01,35
1395/01/02,46
1395/01/03,79
1395/01/04,53
1395/01/05,44
1395/01/06,63
1395/01/07,70
1395/01/08,56
1395/01/09,49
1395/01/10,83
1395/01/11,35
1395/01/12,36
1395/01/13,44
1395/01/14,54
1395/01/15,53
1395/01/16,61
1395/01/17,59
1395/01/18,77
1395/01/19,85
1395/01/20,74
1395/01/21,60
1395/01/22,75
1395/01/23,73
1395/01/24,88
1395/01/25,71
1395/01/26,69
1395/01/27,69
1395/01/28,46
1395/01/29,37
1395/01/30,44
1395/01/31,67
1395/02/01,43
1395/02/02,60
1395/02/03,60
1395/02/04,62
1395/02/05,75
1395/02/06,71
1395/02/07,82
1395/02/08,97
1395/02/09,73
1395/02/10,75
1395/02/11,89
1395/02/12,64
1395/02/13,66
1395/02/14,75
1395/02/15,69
1395/02/16,85
1395/02/17,70
1395/02/18,66
1395/02/19,78
1395/02/20,77
1395/02/21,67
1395/02/22,56
1395/02/23,71
1395/02/24,61
1395/02/25,64
1395/02/26,78
1395/02/27,79
1395/02/28,84
1395/02/29,80
1395/02/30,83
1395/02/31,76
1395/03/01,77
1395/03/02,73
1395/03/03,72
1395/03/04,68
1395/03/05,75
1395/03/06,84
1395/03/07,84
1395/03/08,74
1395/03/09,70
1395/03/10,63
1395/03/11,58
1395/03/12,60
1395/03/13,63
1395/03/14,69
1395/03/15,67
1395/03/16,106
1395/03/17,118
1395/03/18,146
1395/03/19,94
1395/03/20,107
1395/03/21,116
1395/03/22,103
1395/03/23,87
1395/03/24,74
1395/03/25,68
1395/03/26,128
1395/03/27,92
1395/03/28,63
1395/03/29,100
1395/03/30,101
1395/03/31,104
1395/04/01,85
1395/04/02,86
1395/04/03,85
1395/04/04,86
1395/04/05,81
1395/04/06,90
1395/04/07,92
1395/04/08,88
1395/04/09,82
1395/04/10,93
1395/04/11,84
1395/04/12,87
1395/04/13,110
1395/04/14,114
1395/04/15,104
1395/04/16,96
1395/04/17,82
1395/04/18,91
1395/04/19,94
1395/04/20,102
1395/04/21,81
1395/04/22,97
1395/04/23,100
1395/04/24,101
1395/04/25,71
1395/04/26,73
1395/04/27,80
1395/04/28,77
1395/04/29,84
1395/04/30,94
1395/04/31,97
1395/05/01,100
1395/05/02,91
1395/05/03,83
1395/05/04,82
1395/05/05,109
1395/05/06,112
1395/05/07,108
1395/05/08,94
1395/05/09,91
1395/05/10,83
1395/05/11,89
1395/05/12,95
1395/05/13,87
1395/05/14,85
1395/05/15,82
1395/05/16,76
1395/05/17,82
1395/05/18,84
1395/05/19,82
1395/05/20,92
1395/05/21,90
1395/05/22,85
1395/05/23,85
1395/05/24,87
1395/05/25,95
1395/05/26,94
1395/05/27,83
1395/05/28,83
1395/05/29,85
1395/05/30,81
1395/05/31,93
1395/06/01,89
1395/06/02,87
1395/06/03,85
1395/06/04,93
1395/06/05,90
1395/06/06,88
1395/06/07,94
1395/06/08,99
1395/06/09,96
1395/06/10,98
1395/06/11,101
1395/06/12,92
1395/06/13,124
1395/06/14,107
1395/06/15,103
1395/06/16,85
1395/06/17,103
1395/06/18,123
1395/06/19,84
1395/06/20,78
1395/06/21,98
1395/06/22,94
1395/06/23,86
1395/06/24,86
1395/06/25,94
1395/06/26,89
1395/06/27,89
1395/06/28,88
1395/06/29,65
1395/06/30,80
1395/06/31,85
1395/07/01,84
1395/07/02,75
1395/07/03,82
1395/07/04,91
1395/07/05,80
1395/07/06,81
1395/07/07,110
1395/07/08,98
1395/07/09,122
1395/07/10,76
1395/07/11,76
1395/07/12,77
1395/07/13,95
1395/07/14,97
1395/07/15,94
1395/07/16,91
1395/07/17,92
1395/07/18,95
1395/07/19,83
1395/07/20,75
1395/07/21,71
1395/07/22,71
1395/07/23,87
1395/07/24,80
1395/07/25,96
1395/07/26,90
1395/07/27,97
1395/07/28,95
1395/07/29,96
1395/07/30,94
1395/08/01,80
1395/08/02,83
1395/08/03,85
1395/08/04,78
1395/08/05,65
1395/08/06,85
1395/08/07,110
1395/08/08,116
1395/08/09,116
1395/08/10,110
1395/08/11,89
1395/08/12,99
1395/08/13,69
1395/08/14,86
1395/08/15,106
1395/08/16,99
1395/08/17,66
1395/08/18,70
1395/08/19,107
1395/08/20,123
1395/08/21,120
1395/08/22,136
1395/08/23,156
1395/08/24,155
1395/08/25,146
1395/08/26,154
1395/08/27,140
1395/08/28,124
1395/08/29,102
1395/08/30,70
1395/09/01,50
1395/09/02,53
1395/09/03,54
1395/09/04,49
1395/09/05,70
1395/09/06,94
1395/09/07,126
1395/09/08,126
1395/09/09,139
1395/09/10,152
1395/09/11,151
1395/09/12,126
1395/09/13,75
1395/09/14,64
1395/09/15,99
1395/09/16,108
1395/09/17,83
1395/09/18,106
1395/09/19,72
1395/09/20,78
1395/09/21,131
1395/09/22,66
1395/09/23,103
1395/09/24,135
1395/09/25,122
1395/09/26,60
1395/09/27,49
1395/09/28,47
1395/09/29,65
1395/09/30,65
1395/10/01,100
1395/10/02,126
1395/10/03,153
1395/10/04,154
1395/10/05,143
1395/10/06,138
1395/10/07,142
1395/10/08,94
1395/10/09,93
1395/10/10,124
1395/10/11,141
1395/10/12,151
1395/10/13,142
1395/10/14,54
1395/10/15,74
1395/10/16,51
1395/10/17,93
1395/10/18,130
1395/10/19,142
1395/10/20,159
1395/10/21,124
1395/10/22,127
1395/10/23,135
1395/10/24,113
1395/10/25,110
1395/10/26,83
1395/10/27,119
1395/10/28,124
1395/10/29,125
1395/10/30,133
1395/11/01,131
1395/11/02,104
1395/11/03,96
1395/11/04,91
1395/11/05,88
1395/11/06,114
1395/11/07,90
1395/11/08,118
1395/11/09,67
1395/11/10,73
1395/11/11,55
1395/11/12,101
1395/11/13,103
1395/11/14,96
1395/11/15,51
1395/11/16,82
1395/11/17,126
1395/11/18,134
1395/11/19,82
1395/11/20,97
1395/11/21,100
1395/11/22,89
1395/11/23,85
1395/11/24,65
1395/11/25,82
1395/11/26,85
1395/11/27,91
1395/11/28,58
1395/11/29,58
1395/11/30,44
1395/12/01,76
1395/12/02,111
1395/12/03,134
1395/12/04,124
1395/12/05,86
1395/12/06,75
1395/12/07,89
1395/12/08,82
1395/12/09,78
1395/12/10,88
1395/12/11,83
1395/12/12,77
1395/12/13,71
1395/12/14,90
1395/12/15,86
1395/12/16,66
1395/12/17,86
1395/12/18,114
1395/12/19,93
1395/12/20,100
1395/12/21,101
1395/12/22,63
1395/12/23,93
1395/12/24,86
1395/12/25,110
1395/12/26,74
1395/12/27,72
1395/12/28,61
1395/12/29,56
1395/12/30,50
1396/01/01,52
1396/01/02,38
1396/01/03,39
1396/01/04,38
1396/01/05,39
1396/01/06,58
1396/01/07,67
1396/01/08,59
1396/01/09,49
1396/01/10,44
1396/01/11,49
1396/01/12,66
1396/01/13,55
1396/01/14,50
1396/01/15,54
1396/01/16,71
1396/01/17,67
1396/01/18,68
1396/01/19,72
1396/01/20,73
1396/01/21,92
1396/01/22,114
1396/01/23,85
1396/01/24,101
1396/01/25,103
1396/01/26,103
1396/01/27,56
1396/01/28,51
1396/01/29,65
1396/01/30,67
1396/01/31,47
1396/02/01,55
1396/02/02,62
1396/02/03,73
1396/02/04,68
1396/02/05,73
1396/02/06,75
1396/02/07,71
1396/02/08,51
1396/02/09,61
1396/02/10,54
1396/02/11,85
1396/02/12,92
1396/02/13,94
1396/02/14,75
1396/02/15,82
1396/02/16,62
1396/02/17,90
1396/02/18,68
1396/02/19,76
1396/02/20,61
1396/02/21,64
1396/02/22,68
1396/02/23,55
1396/02/24,82
1396/02/25,73
1396/02/26,103
1396/02/27,125
1396/02/28,77
1396/02/29,98
1396/02/30,75
1396/02/31,88
1396/03/01,88
1396/03/02,78
1396/03/03,69
1396/03/04,115
1396/03/05,88
1396/03/06,66
1396/03/07,124
1396/03/08,75
1396/03/09,85
1396/03/10,98
1396/03/11,81
1396/03/12,60
1396/03/13,67
1396/03/14,74
1396/03/15,67
1396/03/16,62
1396/03/17,60
1396/03/18,66
1396/03/19,85
1396/03/20,82
1396/03/21,85
1396/03/22,94
1396/03/23,74
1396/03/24,82
1396/03/25,91
1396/03/26,81
1396/03/27,76
1396/03/28,84
1396/03/29,100
1396/03/30,96
1396/03/31,108
1396/04/01,79
1396/04/02,73
1396/04/03,69
1396/04/04,91
1396/04/05,84
1396/04/06,89
1396/04/07,114
1396/04/08,128
1396/04/09,83
1396/04/10,93
1396/04/11,104
1396/04/12,84
1396/04/13,86
1396/04/14,94
1396/04/15,90
1396/04/16,81
1396/04/17,82
1396/04/18,101
1396/04/19,99
1396/04/20,96
1396/04/21,102
1396/04/22,89
1396/04/23,79
1396/04/24,91
1396/04/25,94
1396/04/26,86
1396/04/27,94
1396/04/28,83
1396/04/29,91
1396/04/30,98
1396/04/31,113
1396/05/01,99
1396/05/02,92
1396/05/03,70
1396/05/04,73
1396/05/05,77
1396/05/06,79
1396/05/07,74
1396/05/08,81
1396/05/09,84
1396/05/10,108
1396/05/11,94
1396/05/12,114
1396/05/13,99
1396/05/14,85
1396/05/15,85
1396/05/16,88
1396/05/17,89
1396/05/18,80
1396/05/19,105
1396/05/20,78
1396/05/21,88
1396/05/22,82
1396/05/23,101
1396/05/24,98
1396/05/25,93
1396/05/26,93
1396/05/27,98
1396/05/28,109
1396/05/29,94
1396/05/30,79
1396/05/31,80
1396/06/01,77
1396/06/02,81
1396/06/03,92
1396/06/04,94
1396/06/05,82
1396/06/06,80
1396/06/07,76
1396/06/08,82
1396/06/09,95
1396/06/10,114
1396/06/11,82
1396/06/12,85
1396/06/13,79
1396/06/14,82
1396/06/15,79
1396/06/16,84
1396/06/17,94
1396/06/18,97
1396/06/19,98
1396/06/20,94
1396/06/21,88
1396/06/22,98
1396/06/23,87
1396/06/24,86
1396/06/25,81
1396/06/26,91
1396/06/27,84
1396/06/28,85
1396/06/29,83
1396/06/30,84
1396/06/31,85
1396/07/01,86
1396/07/02,88
1396/07/03,74
1396/07/04,89
1396/07/05,99
1396/07/06,91
1396/07/07,89
1396/07/08,67
1396/07/09,49
1396/07/10,83
1396/07/11,70
1396/07/12,79
1396/07/13,70
1396/07/14,83
1396/07/15,91
1396/07/16,85
1396/07/17,80
1396/07/18,97
1396/07/19,82
1396/07/20,79
1396/07/21,92
1396/07/22,54
1396/07/23,87
1396/07/24,87
1396/07/25,81
1396/07/26,80
1396/07/27,87
1396/07/28,77
1396/07/29,80
1396/07/30,88
1396/08/01,106
1396/08/02,97
1396/08/03,102
1396/08/04,114
1396/08/05,121
1396/08/06,117
1396/08/07,120
1396/08/08,123
1396/08/09,115
1396/08/10,112
1396/08/11,110
1396/08/12,151
1396/08/13,130
1396/08/14,113
1396/08/15,117
1396/08/16,126
1396/08/17,115
1396/08/18,110
1396/08/19,92
1396/08/20,80
1396/08/21,97
1396/08/22,85
1396/08/23,99
1396/08/24,111
1396/08/25,113
1396/08/26,105
1396/08/27,101
1396/08/28,104
1396/08/29,112
1396/08/30,123
1396/09/01,78
1396/09/02,84
1396/09/03,49
1396/09/04,37
1396/09/05,60
1396/09/06,81
1396/09/07,104
1396/09/08,97
1396/09/09,120
1396/09/10,111
1396/09/11,90
1396/09/12,101
1396/09/13,118
1396/09/14,141
1396/09/15,144
1396/09/16,123
1396/09/17,77
1396/09/18,67
1396/09/19,114
1396/09/20,122
1396/09/21,101
1396/09/22,95
1396/09/23,112
1396/09/24,113
1396/09/25,112
1396/09/26,145
1396/09/27,146
1396/09/28,151
1396/09/29,158
1396/09/30,172
1396/10/01,115
1396/10/02,99
1396/10/03,105
1396/10/04,115
1396/10/05,72
1396/10/06,93
1396/10/07,87
1396/10/08,105
1396/10/09,115
1396/10/10,141
1396/10/11,152
1396/10/12,128
1396/10/13,65
1396/10/14,79
1396/10/15,129
1396/10/16,119
1396/10/17,107
1396/10/18,86
1396/10/19,107
1396/10/20,109
1396/10/21,131
1396/10/22,131
1396/10/23,132
1396/10/24,73
1396/10/25,101
1396/10/26,68
1396/10/27,90
1396/10/28,104
1396/10/29,100
1396/10/30,90
1396/11/01,83
1396/11/02,110
1396/11/03,138
1396/11/04,113
1396/11/05,104
1396/11/06,103
1396/11/07,81
1396/11/08,56
1396/11/09,52
1396/11/10,114
1396/11/11,136
1396/11/12,145
1396/11/13,139
1396/11/14,122
1396/11/15,144
1396/11/16,158
1396/11/17,177
1396/11/18,175
1396/11/19,115
1396/11/20,108
1396/11/21,114
1396/11/22,109
1396/11/23,112
1396/11/24,115
1396/11/25,87
1396/11/26,46
1396/11/27,104
1396/11/28,69
1396/11/29,114
1396/11/30,80
1396/12/01,73
1396/12/02,80
1396/12/03,102
1396/12/04,79
1396/12/05,65
1396/12/06,39
1396/12/07,65
1396/12/08,58
1396/12/09,90
1396/12/10,82
1396/12/11,66
1396/12/12,63
1396/12/13,67
1396/12/14,82
1396/12/15,90
1396/12/16,72
1396/12/17,111
1396/12/18,96
1396/12/19,88
1396/12/20,86
1396/12/21,114
1396/12/22,59
1396/12/23,143
1396/12/24,97
1396/12/25,87
1396/12/26,62
1396/12/27,62
1396/12/28,73
1396/12/29,98
1397/01/01,83
1397/01/02,73
1397/01/03,45
1397/01/04,103
1397/01/05,131
1397/01/06,92
1397/01/07,85
1397/01/08,87
1397/01/09,115
1397/01/10,104
1397/01/11,109
1397/01/12,56
1397/01/13,83
1397/01/14,85
1397/01/15,53
1397/01/16,49
1397/01/17,71
1397/01/18,67
1397/01/19,74
1397/01/20,79
1397/01/21,71
1397/01/22,44
1397/01/23,67
1397/01/24,78
1397/01/25,61
1397/01/26,51
1397/01/27,59
1397/01/28,61
1397/01/29,107
1397/01/30,91
1397/01/31,97
1397/02/01,75
1397/02/02,106
1397/02/03,94
1397/02/04,73
1397/02/05,73
1397/02/06,56
1397/02/07,64
1397/02/08,69
1397/02/09,111
1397/02/10,72
1397/02/11,75
1397/02/12,83
1397/02/13,71
1397/02/14,66
1397/02/15,58
1397/02/16,74
1397/02/17,81
1397/02/18,108
1397/02/19,83
1397/02/20,48
1397/02/21,51
1397/02/22,50
1397/02/23,94
1397/02/24,82
1397/02/25,65
1397/02/26,54
1397/02/27,47
1397/02/28,54
1397/02/29,81
1397/02/30,67
1397/02/31,91
1397/03/01,76
1397/03/02,62
1397/03/03,49
1397/03/04,61
1397/03/05,87
1397/03/06,118
1397/03/07,75
1397/03/08,86
1397/03/09,115
1397/03/10,73
1397/03/11,78
1397/03/12,79
1397/03/13,66
1397/03/14,50
1397/03/15,105
1397/03/16,58
1397/03/17,67
1397/03/18,61
1397/03/19,122
1397/03/20,73
1397/03/21,83
1397/03/22,85
1397/03/23,62
1397/03/24,64
1397/03/25,80
1397/03/26,117
1397/03/27,88
1397/03/28,83
1397/03/29,79
1397/03/30,77
1397/03/31,98
1397/04/01,108
1397/04/02,95
1397/04/03,90
1397/04/04,115
1397/04/05,93
1397/04/06,76
1397/04/07,92
1397/04/08,105
1397/04/09,82
1397/04/10,100
1397/04/11,150
1397/04/12,133
1397/04/13,65
1397/04/14,129
1397/04/15,117
1397/04/16,85
1397/04/17,100
1397/04/18,77
1397/04/19,77
1397/04/20,82
1397/04/21,83
1397/04/22,117
1397/04/23,101
1397/04/24,71
1397/04/25,81
1397/04/26,98
1397/04/27,84
1397/04/28,74
1397/04/29,76
1397/04/30,70
1397/04/31,76
1397/05/01,76
1397/05/02,94
1397/05/03,106
1397/05/04,89
1397/05/05,82
1397/05/06,74
1397/05/07,101
1397/05/08,101
1397/05/09,98
1397/05/10,81
1397/05/11,74
1397/05/12,67
1397/05/13,58
1397/05/14,65
1397/05/15,72
1397/05/16,82
1397/05/17,85
1397/05/18,75
1397/05/19,63
1397/05/20,80
1397/05/21,76
1397/05/22,83
1397/05/23,79
1397/05/24,79
1397/05/25,80
1397/05/26,69
1397/05/27,67
1397/05/28,78
1397/05/29,134
1397/05/30,88
1397/05/31,78
1397/06/01,69
1397/06/02,69
1397/06/03,71
1397/06/04,83
1397/06/05,68
1397/06/06,66
1397/06/07,84
1397/06/08,66
1397/06/09,68
1397/06/10,76
1397/06/11,81
1397/06/12,81
1397/06/13,74
1397/06/14,72
1397/06/15,80
1397/06/16,75
1397/06/17,76
1397/06/18,74
1397/06/19,94
1397/06/20,92
1397/06/21,80
1397/06/22,87
1397/06/23,96
1397/06/24,88
1397/06/25,91
1397/06/26,88
1397/06/27,79
1397/06/28,90
1397/06/29,86
1397/06/30,65
1397/06/31,54
1397/07/01,60
1397/07/02,88
1397/07/03,66
1397/07/04,68
1397/07/05,75
1397/07/06,55
1397/07/07,48
1397/07/08,60
1397/07/09,72
1397/07/10,73
1397/07/11,74
1397/07/12,83
1397/07/13,76
1397/07/14,69
1397/07/15,39
1397/07/16,65
1397/07/17,60
1397/07/18,87
1397/07/19,82
1397/07/20,76
1397/07/21,69
1397/07/22,81
1397/07/23,82
1397/07/24,75
1397/07/25,65
1397/07/26,80
1397/07/27,77
1397/07/28,72
1397/07/29,81
1397/07/30,81
1397/08/01,90
1397/08/02,69
1397/08/03,65
1397/08/04,84
1397/08/05,45
1397/08/06,50
1397/08/07,69
1397/08/08,81
1397/08/09,77
1397/08/10,61
1397/08/11,57
1397/08/12,50
1397/08/13,55
1397/08/14,62
1397/08/15,76
1397/08/16,59
1397/08/17,69
1397/08/18,84
1397/08/19,92
1397/08/20,105
1397/08/21,79
1397/08/22,47
1397/08/23,64
1397/08/24,54
1397/08/25,85
1397/08/26,98
1397/08/27,84
1397/08/28,111
1397/08/29,111
1397/08/30,120
1397/09/01,102
1397/09/02,66
1397/09/03,52
1397/09/04,54
1397/09/05,56
1397/09/06,51
1397/09/07,87
1397/09/08,110
1397/09/09,134
1397/09/10,103
1397/09/11,92
1397/09/12,98
1397/09/13,126
1397/09/14,139
1397/09/15,140
1397/09/16,79
1397/09/17,40
1397/09/18,52
1397/09/19,57
1397/09/20,73
1397/09/21,97
1397/09/22,77
1397/09/23,102
1397/09/24,80
1397/09/25,96
1397/09/26,116
1397/09/27,103
1397/09/28,63
1397/09/29,109
1397/09/30,69
1397/10/01,68
1397/10/02,79
1397/10/03,90
1397/10/04,98
1397/10/05,93
1397/10/06,127
1397/10/07,107
1397/10/08,50
1397/10/09,46
1397/10/10,91
1397/10/11,81
1397/10/12,74
1397/10/13,113
1397/10/14,73
1397/10/15,89
1397/10/16,126
1397/10/17,118
1397/10/18,79
1397/10/19,97
1397/10/20,64
1397/10/21,59
1397/10/22,81
1397/10/23,100
1397/10/24,105
1397/10/25,109
1397/10/26,62
1397/10/27,72
1397/10/28,42
1397/10/29,56
1397/10/30,88
1397/11/01,124
1397/11/02,112
1397/11/03,107
1397/11/04,128
1397/11/05,108
1397/11/06,86
1397/11/07,115
1397/11/08,107
1397/11/09,66
1397/11/10,42
1397/11/11,84
1397/11/12,73
1397/11/13,47
1397/11/14,50
1397/11/15,56
1397/11/16,50
1397/11/17,82
1397/11/18,99
1397/11/19,136
1397/11/20,139
1397/11/21,96
1397/11/22,61
1397/11/23,47
1397/11/24,54
1397/11/25,87
1397/11/26,116
1397/11/27,64
1397/11/28,33
1397/11/29,45
1397/11/30,54
1397/12/01,61
1397/12/02,80
1397/12/03,73
1397/12/04,64
1397/12/05,61
1397/12/06,76
1397/12/07,90
1397/12/08,71
1397/12/09,77
1397/12/10,47
1397/12/11,49
1397/12/12,56
1397/12/13,67
1397/12/14,58
1397/12/15,73
1397/12/16,68
1397/12/17,60
1397/12/18,38
1397/12/19,83
1397/12/20,91
1397/12/21,93
1397/12/22,82
1397/12/23,79
1397/12/24,57
1397/12/25,58
1397/12/26,81
1397/12/27,54
1397/12/28,51
1397/12/29,98
1398/01/01,45
1398/01/02,37
1398/01/03,63
1398/01/04,37
1398/01/05,42
1398/01/06,38
1398/01/07,33
1398/01/08,36
1398/01/09,36
1398/01/10,37
1398/01/11,38
1398/01/12,32
1398/01/13,40
1398/01/14,35
1398/01/15,36
1398/01/16,54
1398/01/17,59
1398/01/18,42
1398/01/19,48
1398/01/20,44
1398/01/21,49
1398/01/22,54
1398/01/23,53
1398/01/24,43
1398/01/25,44
1398/01/26,45
1398/01/27,61
1398/01/28,68
1398/01/29,79
1398/01/30,64
1398/01/31,57
1398/02/01,43
1398/02/02,52
1398/02/03,51
1398/02/04,49
1398/02/05,54
1398/02/06,54
1398/02/07,51
1398/02/08,52
1398/02/09,55
1398/02/10,71
1398/02/11,54
1398/02/12,80
1398/02/13,91
1398/02/14,87
1398/02/15,75
1398/02/16,83
1398/02/17,52
1398/02/18,77
1398/02/19,61
1398/02/20,59
1398/02/21,55
1398/02/22,54
1398/02/23,44
1398/02/24,47
1398/02/25,54
1398/02/26,52
1398/02/27,51
1398/02/28,67
1398/02/29,58
1398/02/30,72
1398/02/31,72
1398/03/01,68
1398/03/02,55
1398/03/03,97
1398/03/04,75
1398/03/05,79
1398/03/06,70
1398/03/07,76
1398/03/08,68
1398/03/09,67
1398/03/10,69
1398/03/11,77
1398/03/12,79
1398/03/13,108
1398/03/14,111
1398/03/15,104
1398/03/16,92
1398/03/17,78
1398/03/18,64
1398/03/19,83
1398/03/20,79
1398/03/21,114
1398/03/22,112
1398/03/23,70
1398/03/24,68
1398/03/25,102
1398/03/26,69
1398/03/27,73
1398/03/28,74
1398/03/29,120
1398/03/30,96
1398/03/31,85
1398/04/01,92
1398/04/02,119
1398/04/03,106
1398/04/04,79
1398/04/05,83
1398/04/06,114
1398/04/07,76
1398/04/08,92
1398/04/09,110
1398/04/10,160
1398/04/11,127
1398/04/12,97
1398/04/13,104
1398/04/14,134
1398/04/15,131
1398/04/16,95
1398/04/17,98
1398/04/18,113
1398/04/19,126
1398/04/20,92
1398/04/21,84
1398/04/22,86
1398/04/23,122
1398/04/24,110
1398/04/25,81
1398/04/26,73
1398/04/27,73
1398/04/28,74
1398/04/29,74
1398/04/30,80
1398/04/31,72
1398/05/01,64
1398/05/02,78
1398/05/03,79
1398/05/04,84
1398/05/05,82
1398/05/06,66
1398/05/07,90
1398/05/08,85
1398/05/09,97
1398/05/10,149
1398/05/11,140
1398/05/12,66
1398/05/13,91
1398/05/14,125
1398/05/15,139
1398/05/16,101
1398/05/17,99
1398/05/18,87
1398/05/19,79
1398/05/20,90
1398/05/21,86
1398/05/22,99
1398/05/23,77
1398/05/24,79
1398/05/25,88
1398/05/26,88
1398/05/27,63
1398/05/28,66
1398/05/29,83
1398/05/30,94
1398/05/31,95
1398/06/01,75
1398/06/02,67
1398/06/03,72
1398/06/04,80
1398/06/05,83
1398/06/06,75
1398/06/07,83
1398/06/08,80
1398/06/09,71
1398/06/10,64
1398/06/11,75
1398/06/12,84
1398/06/13,84
1398/06/14,74
1398/06/15,75
1398/06/16,70
1398/06/17,78
1398/06/18,84
1398/06/19,54
1398/06/20,51
1398/06/21,62
1398/06/22,58
1398/06/23,58
1398/06/24,66
1398/06/25,68
1398/06/26,66
1398/06/27,81
1398/06/28,91
1398/06/29,89
1398/06/30,90
1398/06/31,100
1398/07/01,137
1398/07/02,104
1398/07/03,85
1398/07/04,69
1398/07/05,100
1398/07/06,92
1398/07/07,94
1398/07/08,111
1398/07/09,82
1398/07/10,98
1398/07/11,85
1398/07/12,99
1398/07/13,84
1398/07/14,76
1398/07/15,80
1398/07/16,90
1398/07/17,86
1398/07/18,87
1398/07/19,79
1398/07/20,78
1398/07/21,85
1398/07/22,72
1398/07/23,73
1398/07/24,82
1398/07/25,81
1398/07/26,78
1398/07/27,70
1398/07/28,87
1398/07/29,83
1398/07/30,73
1398/08/01,67
1398/08/02,97
1398/08/03,84
1398/08/04,93
1398/08/05,84
1398/08/06,80
1398/08/07,54
1398/08/08,89
1398/08/09,68
1398/08/10,76
1398/08/11,86
1398/08/12,88
1398/08/13,73
1398/08/14,88
1398/08/15,122
1398/08/16,123
1398/08/17,125
1398/08/18,109
1398/08/19,101
1398/08/20,111
1398/08/21,133
1398/08/22,131
1398/08/23,144
1398/08/24,134
1398/08/25,57
1398/08/26,69
1398/08/27,77
1398/08/28,108
1398/08/29,84
1398/08/30,90
1398/09/01,97
1398/09/02,111
1398/09/03,112
1398/09/04,108
1398/09/05,106
1398/09/06,129
1398/09/07,150
1398/09/08,156
1398/09/09,143
1398/09/10,95
1398/09/11,136
1398/09/12,139
1398/09/13,69
1398/09/14,95
1398/09/15,123
1398/09/16,78
1398/09/17,71
1398/09/18,55
1398/09/19,66
1398/09/20,94
1398/09/21,76
1398/09/22,106
1398/09/23,122
1398/09/24,145
1398/09/25,157
1398/09/26,153
1398/09/27,82
1398/09/28,95
1398/09/29,109
1398/09/30,112
1398/10/01,139
1398/10/02,147
1398/10/03,141
1398/10/04,148
1398/10/05,156
1398/10/06,130
1398/10/07,110
1398/10/08,61
1398/10/09,80
1398/10/10,86
1398/10/11,102
1398/10/12,89
1398/10/13,95
1398/10/14,103
1398/10/15,69
1398/10/16,69
1398/10/17,100
1398/10/18,108
1398/10/19,108
1398/10/20,67
1398/10/21,94
1398/10/22,71
1398/10/23,93
1398/10/24,99
1398/10/25,107
1398/10/26,103
1398/10/27,119
1398/10/28,79
1398/10/29,107
1398/10/30,87
1398/11/01,118
1398/11/02,115
1398/11/03,68
1398/11/04,71
1398/11/05,94
1398/11/06,86
1398/11/07,118
1398/11/08,107
1398/11/09,133
1398/11/10,147
1398/11/11,93
1398/11/12,74
1398/11/13,45
1398/11/14,62
1398/11/15,102
1398/11/16,63
1398/11/17,63
1398/11/18,70
1398/11/19,73
1398/11/20,60
1398/11/21,69
1398/11/22,44
1398/11/23,52
1398/11/24,65
1398/11/25,64
1398/11/26,51
1398/11/27,59
1398/11/28,74
1398/11/29,109
1398/11/30,121
1398/12/01,80
1398/12/02,81
1398/12/03,89
1398/12/04,98
1398/12/05,79
1398/12/06,80
1398/12/07,30
1398/12/08,71
1398/12/09,116
1398/12/10,121
1398/12/11,136
1398/12/12,82
1398/12/13,43
1398/12/14,61
1398/12/15,81
1398/12/16,108
1398/12/17,100
1398/12/18,60
1398/12/19,70
1398/12/20,72
1398/12/21,66
1398/12/22,110
1398/12/23,86
1398/12/24,73
1398/12/25,63
1398/12/26,80
1398/12/27,64
1398/12/28,73
1398/12/29,68
1399/01/01,62
1399/01/02,47
1399/01/03,50
1399/01/04,48
1399/01/05,39
1399/01/06,57
1399/01/07,70
1399/01/08,49
1399/01/09,61
1399/01/10,49
1399/01/11,58
1399/01/12,41
1399/01/13,39
1399/01/14,49
1399/01/15,84
1399/01/16,66
1399/01/17,48
1399/01/18,47
1399/01/19,77
1399/01/20,48
1399/01/21,48
1399/01/22,44
1399/01/23,67
1399/01/24,63
1399/01/25,55
1399/01/26,56
1399/01/27,74
1399/01/28,78
1399/01/29,64
1399/01/30,63
1399/01/31,64
1399/02/01,72
1399/02/02,77
1399/02/03,69
1399/02/04,74
1399/02/05,64
1399/02/06,79
1399/02/07,81
1399/02/08,74
1399/02/09,59
1399/02/10,58
1399/02/11,55
1399/02/12,56
1399/02/13,64
1399/02/14,53
1399/02/15,70
1399/02/16,62
1399/02/17,88
1399/02/18,89
1399/02/19,43
1399/02/20,60
1399/02/21,84
1399/02/22,91
1399/02/23,64
1399/02/24,52
1399/02/25,63
1399/02/26,58
1399/02/27,83
1399/02/28,79
1399/02/29,80
1399/02/30,98
1399/02/31,70
1399/03/01,78
1399/03/02,149
1399/03/03,150
1399/03/04,75
1399/03/05,70
1399/03/06,73
1399/03/07,85
1399/03/08,73
1399/03/09,68
1399/03/10,75
1399/03/11,75
1399/03/12,84
1399/03/13,83
1399/03/14,88
1399/03/15,76
1399/03/16,70
1399/03/17,70
1399/03/18,73
1399/03/19,79
1399/03/20,105
1399/03/21,74
1399/03/22,70
1399/03/23,92
1399/03/24,84
1399/03/25,88
1399/03/26,104
1399/03/27,113
1399/03/28,86
1399/03/29,111
1399/03/30,81
1399/03/31,80
1399/04/01,80
1399/04/02,72
1399/04/03,84
1399/04/04,135
1399/04/05,141
1399/04/06,113
1399/04/07,132
1399/04/08,110
1399/04/09,91
1399/04/10,92
1399/04/11,149
1399/04/12,97
1399/04/13,116
1399/04/14,106
1399/04/15,139
1399/04/16,86
1399/04/17,84
1399/04/18,119
1399/04/19,115
1399/04/20,131
1399/04/21,133
1399/04/22,78
1399/04/23,76
1399/04/24,73
1399/04/25,119
1399/04/26,122
1399/04/27,122
1399/04/28,129
1399/04/29,161
1399/04/30,142
1399/04/31,114
1399/05/01,151
1399/05/02,103
1399/05/03,118
1399/05/04,88
1399/05/05,104
1399/05/06,110
1399/05/07,92
1399/05/08,92
1399/05/09,96
1399/05/10,129
1399/05/11,87
1399/05/12,70
1399/05/13,93
1399/05/14,121
1399/05/15,81
1399/05/16,81
1399/05/17,76
1399/05/18,113
1399/05/19,106
1399/05/20,81
1399/05/21,102
1399/05/22,108
1399/05/23,91
1399/05/24,128
1399/05/25,126
1399/05/26,115
1399/05/27,96
1399/05/28,79
1399/05/29,74
1399/05/30,83
1399/05/31,88
1399/06/01,81
1399/06/02,98
1399/06/03,82
1399/06/04,78
1399/06/05,71
1399/06/06,81
1399/06/07,75
1399/06/08,85
1399/06/09,114
1399/06/10,87
1399/06/11,76
1399/06/12,85
1399/06/13,87
1399/06/14,83
1399/06/15,73
1399/06/16,81
1399/06/17,94
1399/06/18,82
1399/06/19,97
1399/06/20,97
1399/06/21,104
1399/06/22,86
1399/06/23,79
1399/06/24,85
1399/06/25,81
1399/06/26,90
1399/06/27,87
1399/06/28,84
1399/06/29,80
1399/06/30,102
1399/06/31,84
1399/07/01,93
1399/07/02,92
1399/07/03,81
1399/07/04,82
1399/07/05,83
1399/07/06,100
1399/07/07,93
1399/07/08,81
1399/07/09,67
1399/07/10,71
1399/07/11,88
1399/07/12,88
1399/07/13,77
1399/07/14,78
1399/07/15,60
1399/07/16,67
1399/07/17,66
1399/07/18,62
1399/07/19,63
1399/07/20,110
1399/07/21,115
1399/07/22,118
1399/07/23,120
1399/07/24,115
1399/07/25,123
1399/07/26,126
1399/07/27,105
1399/07/28,89
1399/07/29,95
1399/07/30,104
1399/08/01,98
1399/08/02,101
1399/08/03,101
1399/08/04,96
1399/08/05,113
1399/08/06,107
1399/08/07,110
1399/08/08,91
1399/08/09,87
1399/08/10,98
1399/08/11,124
1399/08/12,107
1399/08/13,135
1399/08/14,125
1399/08/15,97
1399/08/16,90
1399/08/17,91
1399/08/18,80
1399/08/19,68
1399/08/20,98
1399/08/21,99
1399/08/22,81
1399/08/23,76
1399/08/24,54
1399/08/25,82
1399/08/26,80
1399/08/27,76
1399/08/28,104
1399/08/29,89
1399/08/30,69
1399/09/01,69
1399/09/02,75
1399/09/03,87
1399/09/04,108
1399/09/05,115
1399/09/06,131
1399/09/07,123
1399/09/08,82
1399/09/09,79
1399/09/10,62
1399/09/11,108
1399/09/12,143
1399/09/13,146
1399/09/14,119
1399/09/15,114
1399/09/16,96
1399/09/17,60
1399/09/18,76
1399/09/19,114
1399/09/20,133
1399/09/21,127
1399/09/22,98
1399/09/23,121
1399/09/24,134
1399/09/25,134
1399/09/26,136
1399/09/27,134
1399/09/28,144
1399/09/29,126
1399/09/30,108
1399/10/01,101
1399/10/02,124
1399/10/03,146
1399/10/04,131
1399/10/05,82
1399/10/06,66
1399/10/07,119
1399/10/08,139
1399/10/09,145
1399/10/10,167
1399/10/11,168
1399/10/12,160
1399/10/13,158
1399/10/14,158
1399/10/15,151
1399/10/16,91
1399/10/17,115
1399/10/18,144
1399/10/19,151
1399/10/20,149
1399/10/21,153
1399/10/22,166
1399/10/23,169
1399/10/24,174
1399/10/25,169
1399/10/26,152
1399/10/27,119
1399/10/28,93
1399/10/29,91
1399/10/30,65
1399/11/01,72
1399/11/02,78
1399/11/03,52
1399/11/04,64
1399/11/05,76
1399/11/06,109
1399/11/07,150
1399/11/08,141
1399/11/09,139
1399/11/10,145
1399/11/11,107
1399/11/12,58
1399/11/13,72
1399/11/14,88
1399/11/15,131
1399/11/16,136
1399/11/17,124
1399/11/18,81
1399/11/19,66
1399/11/20,112
1399/11/21,122
1399/11/22,99
1399/11/23,85
1399/11/24,72
1399/11/25,72
1399/11/26,92
1399/11/27,90
1399/11/28,100
1399/11/29,92
1399/11/30,68
1399/12/01,51
1399/12/02,59
1399/12/03,60
1399/12/04,62
1399/12/05,60
1399/12/06,60
1399/12/07,69
1399/12/08,76
1399/12/09,82
1399/12/10,117
1399/12/11,113
1399/12/12,90
1399/12/13,73
1399/12/14,64
1399/12/15,67
1399/12/16,56
1399/12/17,76
1399/12/18,76
1399/12/19,81
1399/12/20,63
1399/12/21,83
1399/12/22,76
1399/12/23,49
1399/12/24,90
1399/12/25,134
1399/12/26,141
1399/12/27,153
1399/12/28,119
1399/12/29,87
1399/12/30,43
1400/01/01,48
1400/01/02,53
1400/01/03,73
1400/01/04,89
1400/01/05,112
1400/01/06,123
1400/01/07,96
1400/01/08,82
1400/01/09,50
1400/01/10,62
1400/01/11,55
1400/01/12,68
1400/01/13,81
1400/01/14,76
1400/01/15,56
1400/01/16,60
1400/01/17,63
1400/01/18,94
1400/01/19,108
1400/01/20,112
1400/01/21,92
1400/01/22,91
1400/01/23,77
1400/01/24,81
1400/01/25,77
1400/01/26,78
1400/01/27,77
1400/01/28,61
1400/01/29,80
1400/01/30,78
1400/01/31,85
1400/02/01,91
1400/02/02,87
1400/02/03,82
1400/02/04,88
1400/02/05,70
1400/02/06,76
1400/02/07,78
1400/02/08,87
1400/02/09,77
1400/02/10,63
1400/02/11,81
1400/02/12,66
1400/02/13,62
1400/02/14,59
1400/02/15,66
1400/02/16,64
1400/02/17,66
1400/02/18,65
1400/02/19,75
1400/02/20,74
1400/02/21,68
1400/02/22,69
1400/02/23,77
1400/02/24,88
1400/02/25,65
1400/02/26,61
1400/02/27,66
1400/02/28,77
1400/02/29,75
1400/02/30,67
1400/02/31,71
1400/03/01,64
1400/03/02,69
1400/03/03,84
1400/03/04,82
1400/03/05,74
1400/03/06,75
1400/03/07,72
1400/03/08,99
1400/03/09,73
1400/03/10,83
1400/03/11,78
1400/03/12,85
1400/03/13,76
1400/03/14,102
1400/03/15,60
1400/03/16,71
1400/03/17,73
1400/03/18,75
1400/03/19,103
1400/03/20,89
1400/03/21,78
1400/03/22,82
1400/03/23,137
1400/03/24,105
1400/03/25,91
1400/03/26,120
1400/03/27,97
1400/03/28,111
1400/03/29,76
1400/03/30,69
1400/03/31,81
1400/04/01,86
1400/04/02,101
1400/04/03,107
1400/04/04,92
1400/04/05,100
1400/04/06,92
1400/04/07,98
1400/04/08,73
1400/04/09,70
1400/04/10,98
1400/04/11,88
1400/04/12,80
1400/04/13,93
1400/04/14,88
1400/04/15,94
1400/04/16,99
1400/04/17,123
1400/04/18,162
1400/04/19,128
1400/04/20,138
1400/04/21,144
1400/04/22,131
1400/04/23,121
1400/04/24,111
1400/04/25,111
1400/04/26,95
1400/04/27,101
1400/04/28,91
1400/04/29,79
1400/04/30,132
1400/04/31,116
1400/05/01,91
1400/05/02,105
1400/05/03,85
1400/05/04,86
1400/05/05,142
1400/05/06,77
1400/05/07,98
1400/05/08,70
1400/05/09,70
1400/05/10,71
1400/05/11,76
1400/05/12,80
1400/05/13,70
1400/05/14,81
1400/05/15,114
1400/05/16,114
1400/05/17,67
1400/05/18,67
1400/05/19,72
1400/05/20,85
1400/05/21,85
1400/05/22,87
1400/05/23,78
1400/05/24,87
1400/05/25,84
1400/05/26,73
1400/05/27,80
1400/05/28,114
1400/05/29,79
1400/05/30,76
1400/05/31,75
1400/06/01,79
1400/06/02,79
1400/06/03,109
1400/06/04,77
1400/06/05,82
1400/06/06,99
1400/06/07,85
1400/06/08,84
1400/06/09,104
1400/06/10,93
1400/06/11,75
1400/06/12,83
1400/06/13,93
1400/06/14,98
1400/06/15,119
1400/06/16,82
1400/06/17,87
1400/06/18,79
1400/06/19,90
1400/06/20,84
1400/06/21,86
1400/06/22,81
1400/06/23,76
1400/06/24,77
1400/06/25,75
1400/06/26,77
1400/06/27,85
1400/06/28,84
1400/06/29,84
1400/06/30,93
1400/06/31,96
1400/07/01,90
1400/07/02,113
1400/07/03,93
1400/07/04,74
1400/07/05,130
1400/07/06,112
1400/07/07,112
1400/07/08,109
1400/07/09,110
1400/07/10,94
1400/07/11,85
1400/07/12,84
1400/07/13,88
1400/07/14,83
1400/07/15,77
1400/07/16,85
1400/07/17,67
1400/07/18,73
1400/07/19,70
1400/07/20,86
1400/07/21,105
1400/07/22,105
1400/07/23,88
1400/07/24,87
1400/07/25,88
1400/07/26,88
1400/07/27,79
1400/07/28,91
1400/07/29,70
1400/07/30,69
1400/08/01,84
1400/08/02,80
1400/08/03,72
1400/08/04,108
1400/08/05,86
1400/08/06,82
1400/08/07,93
1400/08/08,82
1400/08/09,97
1400/08/10,111
1400/08/11,134
1400/08/12,136
1400/08/13,84
1400/08/14,53
1400/08/15,54
1400/08/16,56
1400/08/17,80
1400/08/18,124
1400/08/19,127
1400/08/20,140
1400/08/21,82
1400/08/22,63
1400/08/23,114
1400/08/24,145
1400/08/25,132
1400/08/26,91
1400/08/27,74
1400/08/28,118
1400/08/29,135
1400/08/30,150
1400/09/01,165
1400/09/02,137
1400/09/03,110
1400/09/04,115
1400/09/05,132
1400/09/06,110
1400/09/07,92
1400/09/08,144
1400/09/09,158
1400/09/10,151
1400/09/11,163
1400/09/12,64
1400/09/13,74
1400/09/14,128
1400/09/15,157
1400/09/16,145
1400/09/17,135
1400/09/18,140
1400/09/19,148
1400/09/20,83
1400/09/21,118
1400/09/22,147
1400/09/23,148
1400/09/24,148
1400/09/25,121
1400/09/26,125
1400/09/27,125
1400/09/28,102
1400/09/29,125
1400/09/30,105
1400/10/01,75
1400/10/02,62
1400/10/03,62
1400/10/04,79
1400/10/05,75
1400/10/06,105
1400/10/07,135
1400/10/08,136
1400/10/09,144
1400/10/10,133
1400/10/11,134
1400/10/12,125
1400/10/13,108
1400/10/14,78
1400/10/15,80
1400/10/16,63
1400/10/17,113
1400/10/18,132
1400/10/19,149
1400/10/20,134
1400/10/21,146
1400/10/22,142
1400/10/23,90
1400/10/24,111
1400/10/25,72
1400/10/26,59
1400/10/27,61
1400/10/28,54
1400/10/29,93
1400/10/30,111
1400/11/01,66
1400/11/02,74
1400/11/03,123
1400/11/04,144
1400/11/05,148
1400/11/06,143
1400/11/07,105
1400/11/08,67
1400/11/09,73
1400/11/10,93
1400/11/11,68
1400/11/12,91
1400/11/13,131
1400/11/14,133
1400/11/15,138
1400/11/16,127
1400/11/17,55
1400/11/18,61
1400/11/19,71
1400/11/20,88
1400/11/21,91
1400/11/22,95
1400/11/23,90
1400/11/24,125
1400/11/25,118
1400/11/26,86
1400/11/27,101
1400/11/28,102
1400/11/29,99
1400/11/30,103
1400/12/01,82
1400/12/02,76
1400/12/03,91
1400/12/04,97
1400/12/05,88
1400/12/06,79
1400/12/07,79
1400/12/08,65
1400/12/09,74
1400/12/10,89
1400/12/11,95
1400/12/12,84
1400/12/13,80
1400/12/14,116
1400/12/15,51
1400/12/16,64
1400/12/17,76
1400/12/18,103
1400/12/19,97
1400/12/20,95
1400/12/21,78
1400/12/22,70
1400/12/23,102
1400/12/24,105
1400/12/25,146
1400/12/26,71
1400/12/27,68
1400/12/28,73
1400/12/29,64
1401/01/01,72
1401/01/02,85
1401/01/03,66
1401/01/04,77
1401/01/05,75
1401/01/06,49
1401/01/07,50
1401/01/08,52
1401/01/09,60
1401/01/10,67
1401/01/11,72
1401/01/12,71
1401/01/13,84
1401/01/14,102
1401/01/15,93
1401/01/16,79
1401/01/17,73
1401/01/18,82
1401/01/19,190
1401/01/20,332
1401/01/21,150
1401/01/22,100
1401/01/23,101
1401/01/24,124
1401/01/25,101
1401/01/26,97
1401/01/27,75
1401/01/28,79
1401/01/29,64
1401/01/30,69
1401/01/31,96
1401/02/01,120
1401/02/02,95
1401/02/03,87
1401/02/04,81
1401/02/05,76
1401/02/06,124
1401/02/07,88
1401/02/08,105
1401/02/09,96
1401/02/10,79
1401/02/11,85
1401/02/12,73
1401/02/13,98
1401/02/14,83
1401/02/15,89
1401/02/16,92
1401/02/17,124
1401/02/18,156
1401/02/19,116
1401/02/20,69
1401/02/21,83
1401/02/22,106
1401/02/23,72
1401/02/24,66
1401/02/25,79
1401/02/26,97
1401/02/27,163
1401/02/28,145
1401/02/29,114
1401/02/30,89
1401/02/31,100
1401/03/01,117
1401/03/02,123
1401/03/03,142
1401/03/04,435
1401/03/05,147
1401/03/06,94
1401/03/07,95
1401/03/08,74
1401/03/09,76
1401/03/10,82
1401/03/11,78
1401/03/12,65
1401/03/13,77
1401/03/14,117
1401/03/15,134
1401/03/16,80
1401/03/17,79
1401/03/18,100
1401/03/19,91
1401/03/20,80
1401/03/21,87
1401/03/22,109
1401/03/23,107
1401/03/24,96
1401/03/25,111
1401/03/26,88
1401/03/27,93
1401/03/28,112
1401/03/29,94
1401/03/30,115
1401/03/31,93
1401/04/01,79
1401/04/02,115
1401/04/03,144
1401/04/04,132
1401/04/05,102
1401/04/06,134
1401/04/07,127
1401/04/08,130
1401/04/09,140
1401/04/10,136
1401/04/11,132
1401/04/12,174
1401/04/13,261
1401/04/14,123
1401/04/15,116
1401/04/16,101
1401/04/17,105
1401/04/18,123
1401/04/19,131
1401/04/20,117
1401/04/21,102
1401/04/22,92
1401/04/23,109
1401/04/24,144
1401/04/25,162
1401/04/26,145
1401/04/27,113
1401/04/28,121
1401/04/29,107
1401/04/30,115
1401/04/31,161
1401/05/01,110
1401/05/02,118
1401/05/03,143
1401/05/04,107
1401/05/05,116
1401/05/06,151
1401/05/07,113
1401/05/08,105
1401/05/09,136
1401/05/10,87
1401/05/11,77
1401/05/12,167
1401/05/13,109
1401/05/14,100
1401/05/15,122
1401/05/16,90
1401/05/17,124
1401/05/18,124
1401/05/19,142
1401/05/20,114
1401/05/21,144
1401/05/22,99
1401/05/23,127
1401/05/24,123
1401/05/25,130
1401/05/26,129
1401/05/27,138
1401/05/28,146
1401/05/29,143
1401/05/30,104
1401/05/31,104
1401/06/01,111
1401/06/02,99
1401/06/03,88
1401/06/04,83
1401/06/05,90
1401/06/06,90
1401/06/07,90
1401/06/08,75
1401/06/09,88
1401/06/10,94
1401/06/11,135
1401/06/12,120
1401/06/13,78
1401/06/14,87
1401/06/15,114
1401/06/16,79
1401/06/17,81
1401/06/18,81
1401/06/19,98
1401/06/20,93
1401/06/21,84
1401/06/22,79
1401/06/23,82
1401/06/24,103
1401/06/25,101
1401/06/26,81
1401/06/27,82
1401/06/28,87
1401/06/29,88
1401/06/30,82
1401/06/31,77
1401/07/01,88
1401/07/02,99
1401/07/03,95
1401/07/04,205
1401/07/05,100
1401/07/06,98
1401/07/07,85
1401/07/08,84
1401/07/09,89
1401/07/10,102
1401/07/11,84
1401/07/12,86
1401/07/13,88
1401/07/14,78
1401/07/15,91
1401/07/16,82
1401/07/17,85
1401/07/18,77
1401/07/19,95
1401/07/20,102
1401/07/21,94
1401/07/22,80
1401/07/23,82
1401/07/24,101
1401/07/25,86
1401/07/26,92
1401/07/27,98
1401/07/28,89
1401/07/29,98
1401/07/30,103
1401/08/01,91
1401/08/02,91
1401/08/03,79
1401/08/04,83
1401/08/05,98
1401/08/06,104
1401/08/07,95
1401/08/08,88
1401/08/09,105
1401/08/10,82
1401/08/11,104
1401/08/12,99
1401/08/13,94
1401/08/14,92
1401/08/15,87
1401/08/16,76
1401/08/17,81
1401/08/18,67
1401/08/19,99
1401/08/20,130
1401/08/21,129
1401/08/22,125
1401/08/23,116
1401/08/24,107
1401/08/25,116
1401/08/26,98
1401/08/27,94
1401/08/28,100
1401/08/29,143
1401/08/30,136
1401/09/01,136
1401/09/02,141
1401/09/03,158
1401/09/04,162
1401/09/05,130
1401/09/06,96
1401/09/07,70
1401/09/08,110
1401/09/09,128
1401/09/10,103
1401/09/11,121
1401/09/12,79
1401/09/13,80
1401/09/14,70
1401/09/15,76
1401/09/16,102
1401/09/17,141
1401/09/18,155
1401/09/19,153
1401/09/20,130
1401/09/21,136
1401/09/22,142
1401/09/23,171
1401/09/24,172
1401/09/25,159
1401/09/26,159
1401/09/27,136
1401/09/28,141
1401/09/29,137
1401/09/30,138
1401/10/01,76
1401/10/02,94
1401/10/03,67
1401/10/04,83
1401/10/05,128
1401/10/06,120
1401/10/07,115
1401/10/08,121
1401/10/09,154
1401/10/10,159
1401/10/11,169
1401/10/12,176
1401/10/13,167
1401/10/14,169
1401/10/15,160
1401/10/16,146
1401/10/17,159
1401/10/18,93
1401/10/19,94
1401/10/20,79
1401/10/21,106
1401/10/22,99
1401/10/23,69
1401/10/24,75
1401/10/25,99
1401/10/26,133
1401/10/27,171
1401/10/28,173
1401/10/29,152
1401/10/30,154
1401/11/01,153
1401/11/02,145
1401/11/03,146
1401/11/04,157
1401/11/05,160
1401/11/06,162
1401/11/07,143
1401/11/08,142
1401/11/09,144
1401/11/10,104
1401/11/11,86
1401/11/12,62
1401/11/13,75
1401/11/14,65
1401/11/15,47
1401/11/16,80
1401/11/17,75
1401/11/18,70
1401/11/19,64
1401/11/20,57
1401/11/21,51
1401/11/22,78
1401/11/23,66
1401/11/24,79
1401/11/25,165
1401/11/26,153
1401/11/27,145
1401/11/28,67
1401/11/29,96
1401/11/30,98
1401/12/01,68
1401/12/02,85
1401/12/03,62
1401/12/04,74
1401/12/05,85
1401/12/06,76
1401/12/07,102
1401/12/08,108
1401/12/09,97
1401/12/10,101
1401/12/11,108
1401/12/12,106
1401/12/13,83
1401/12/14,96
1401/12/15,83
1401/12/16,90
1401/12/17,78
1401/12/18,79
1401/12/19,66
1401/12/20,72
1401/12/21,105
1401/12/22,105
1401/12/23,71
1401/12/24,121
1401/12/25,65
1401/12/26,66
1401/12/27,59
1401/12/28,75
1401/12/29,62
1402/01/01,49
1402/01/02,42
1402/01/03,49
1402/01/04,65
1402/01/05,95
1402/01/06,112
1402/01/07,55
1402/01/08,53
1402/01/09,55
1402/01/10,56
1402/01/11,52
1402/01/12,40
1402/01/13,48
1402/01/14,67
1402/01/15,61
1402/01/16,60
1402/01/17,65
1402/01/18,69
1402/01/19,61
1402/01/20,79
1402/01/21,90
1402/01/22,92
1402/01/23,87
1402/01/24,60
1402/01/25,59
1402/01/26,45
1402/01/27,73
1402/01/28,67
1402/01/29,81
1402/01/30,75
1402/01/31,79
1402/02/01,73
1402/02/02,89
1402/02/03,70
1402/02/04,62
1402/02/05,70
1402/02/06,63
1402/02/07,63
1402/02/08,74
1402/02/09,87
1402/02/10,67
1402/02/11,60
1402/02/12,60
1402/02/13,66
1402/02/14,48
1402/02/15,48
1402/02/16,61
1402/02/17,79
1402/02/18,80
1402/02/19,82
1402/02/20,93
1402/02/21,77
1402/02/22,83
1402/02/23,112
1402/02/24,68
1402/02/25,110
1402/02/26,82
1402/02/27,61
1402/02/28,74
1402/02/29,84
1402/02/30,80
1402/02/31,75
1402/03/01,71
1402/03/02,94
1402/03/03,93
1402/03/04,96
1402/03/05,90
1402/03/06,76
1402/03/07,84
1402/03/08,110
1402/03/09,92
1402/03/10,79
1402/03/11,78
1402/03/12,84
1402/03/13,86
1402/03/14,93
1402/03/15,115
1402/03/16,118
1402/03/17,75
1402/03/18,73
1402/03/19,78
1402/03/20,67
1402/03/21,98
1402/03/22,74
1402/03/23,99
1402/03/24,90
1402/03/25,85
1402/03/26,84
1402/03/27,101
1402/03/28,71
1402/03/29,89
1402/03/30,107
1402/03/31,138
1402/04/01,74
1402/04/02,154
1402/04/03,108
1402/04/04,126
1402/04/05,113
1402/04/06,113
1402/04/07,112
1402/04/08,141
1402/04/09,146
1402/04/10,123
1402/04/11,96
1402/04/12,142
1402/04/13,121
1402/04/14,106
1402/04/15,85
1402/04/16,73
1402/04/17,77
1402/04/18,78
1402/04/19,74
1402/04/20,91
1402/04/21,104
1402/04/22,98
1402/04/23,100
1402/04/24,99
1402/04/25,109
1402/04/26,121
1402/04/27,142
1402/04/28,107
1402/04/29,143
1402/04/30,126
1402/04/31,89
1402/05/01,93
1402/05/02,74
1402/05/03,82
1402/05/04,103
1402/05/05,98
1402/05/06,152
1402/05/07,90
1402/05/08,106
1402/05/09,81
1402/05/10,84
1402/05/11,70
1402/05/12,67
1402/05/13,74
1402/05/14,70
1402/05/15,74
1402/05/16,76
1402/05/17,82
1402/05/18,77
1402/05/19,162
1402/05/20,121
1402/05/21,138
1402/05/22,110
1402/05/23,116
1402/05/24,140
1402/05/25,153
1402/05/26,119
1402/05/27,98
1402/05/28,93
1402/05/29,79
1402/05/30,99
1402/05/31,96
1402/06/01,94
1402/06/02,97
1402/06/03,92
1402/06/04,80
1402/06/05,165
1402/06/06,91
1402/06/07,85
1402/06/08,94
1402/06/09,101
1402/06/10,101
1402/06/11,92
1402/06/12,99
1402/06/13,79
1402/06/14,78
1402/06/15,92
1402/06/16,91
1402/06/17,87
1402/06/18,93
1402/06/19,84
1402/06/20,131
1402/06/21,114
1402/06/22,98
1402/06/23,92
1402/06/24,145
1402/06/25,105
1402/06/26,102
1402/06/27,87
1402/06/28,87
1402/06/29,87
1402/06/30,88
1402/06/31,85
1402/07/01,77
1402/07/02,78
1402/07/03,70
1402/07/04,71
1402/07/05,71
1402/07/06,83
1402/07/07,80
1402/07/08,73
1402/07/09,71
1402/07/10,78
1402/07/11,80
1402/07/12,77
1402/07/13,64
1402/07/14,56
1402/07/15,66
1402/07/16,87
1402/07/17,78
1402/07/18,92
1402/07/19,80
1402/07/20,73
1402/07/21,82
1402/07/22,109
1402/07/23,79
1402/07/24,117
1402/07/25,81
1402/07/26,74
1402/07/27,76
1402/07/28,79
1402/07/29,83
1402/07/30,93
1402/08/01,93
1402/08/02,89
1402/08/03,97
1402/08/04,99
1402/08/05,87
1402/08/06,94
1402/08/07,90
1402/08/08,80
1402/08/09,96
1402/08/10,97
1402/08/11,124
1402/08/12,104
1402/08/13,115
1402/08/14,114
1402/08/15,120
1402/08/16,94
1402/08/17,107
1402/08/18,105
1402/08/19,101
1402/08/20,104
1402/08/21,114
1402/08/22,112
1402/08/23,145
1402/08/24,151
1402/08/25,143
1402/08/26,87
1402/08/27,74
1402/08/28,78
1402/08/29,68
1402/08/30,65
1402/09/01,45
1402/09/02,93
1402/09/03,130
1402/09/04,135
1402/09/05,147
1402/09/06,151
1402/09/07,97
1402/09/08,73
1402/09/09,96
1402/09/10,127
1402/09/11,146
1402/09/12,154
1402/09/13,155
1402/09/14,164
1402/09/15,148
1402/09/16,146
1402/09/17,103
1402/09/18,97
1402/09/19,129
1402/09/20,92
1402/09/21,121
1402/09/22,113
1402/09/23,98
1402/09/24,92
1402/09/25,106
1402/09/26,144
1402/09/27,148
1402/09/28,137
1402/09/29,115
1402/09/30,118
1402/10/01,114
1402/10/02,137
1402/10/03,124
1402/10/04,62
1402/10/05,51
1402/10/06,90
1402/10/07,92
1402/10/08,101
1402/10/09,100
1402/10/10,120
1402/10/11,127
1402/10/12,153
1402/10/13,137
1402/10/14,86
1402/10/15,97
1402/10/16,80
1402/10/17,75
1402/10/18,109
1402/10/19,155
1402/10/20,88
1402/10/21,91
1402/10/22,70
1402/10/23,97
1402/10/24,67
1402/10/25,82
1402/10/26,67
1402/10/27,83
1402/10/28,104
1402/10/29,102
1402/10/30,126
1402/11/01,130
1402/11/02,101
1402/11/03,117
1402/11/04,99
1402/11/05,109
1402/11/06,84
1402/11/07,126
1402/11/08,97
1402/11/09,59
1402/11/10,75
1402/11/11,95
1402/11/12,70
1402/11/13,70
1402/11/14,74
1402/11/15,107
1402/11/16,104
1402/11/17,67
1402/11/18,47
1402/11/19,90
1402/11/20,89
1402/11/21,98
1402/11/22,85
1402/11/23,118
1402/11/24,122
1402/11/25,130
1402/11/26,126
1402/11/27,72
1402/11/28,63
1402/11/29,56
1402/11/30,75
1402/12/01,101
1402/12/02,120
1402/12/03,128
1402/12/04,114
1402/12/05,93
1402/12/06,92
1402/12/07,64
1402/12/08,71
1402/12/09,77
1402/12/10,84
1402/12/11,91
1402/12/12,92
1402/12/13,118
1402/12/14,131
1402/12/15,127
1402/12/16,146
1402/12/17,108
1402/12/18,70
1402/12/19,83
1402/12/20,63
1402/12/21,74
1402/12/22,92
1402/12/23,150
1402/12/24,126
1402/12/25,81
1402/12/26,66
1402/12/27,69
1402/12/28,77
1402/12/29,67
1403/01/01,58
1403/01/02,40
1403/01/03,59
1403/01/04,62
1403/01/05,57
1403/01/06,44
1403/01/07,50
1403/01/08,61
1403/01/09,50
1403/01/10,55
1403/01/11,57
1403/01/12,71
1403/01/13,56
1403/01/14,60
1403/01/15,69
1403/01/16,64
1403/01/17,73
1403/01/18,67
1403/01/19,69
1403/01/20,79
1403/01/21,74
1403/01/22,68
1403/01/23,67
1403/01/24,44
1403/01/25,53
1403/01/26,79
1403/01/27,95
1403/01/28,70
1403/01/29,67
1403/01/30,86
1403/01/31,72
1403/02/01,71
1403/02/02,73
1403/02/03,77
1403/02/04,77
1403/02/05,79
1403/02/06,81
1403/02/07,90
1403/02/08,81
1403/02/09,72
1403/02/10,75
1403/02/11,76
1403/02/12,63
1403/02/13,58
1403/02/14,55
1403/02/15,54
1403/02/16,52
1403/02/17,64
1403/02/18,64
1403/02/19,59
1403/02/20,62
1403/02/21,55
1403/02/22,84
1403/02/23,79
1403/02/24,68
1403/02/25,66
1403/02/26,72
1403/02/27,79
1403/02/28,54
1403/02/29,64
1403/02/30,53
1403/02/31,72
